Time,Epochs,Batches,in,Total,Loss
49.11583852767944,1,1,7,1,0.15752774840960926
52.25401782989502,1,2,7,2,0.037623378084267925
55.43751621246338,1,3,7,3,3.2217096845472106
58.89688491821289,1,4,7,4,0.09916131920173568
62.026586055755615,1,5,7,5,0.09855260349497075
64.8508780002594,1,6,7,6,0.03932047639065378
67.3763518333435,1,7,7,7,0.03316765449009488
70.74161100387573,2,1,7,8,0.09375625123253921
73.69965481758118,2,2,7,9,0.058412435417296904
77.17812776565552,2,3,7,10,2.5146131156113314
80.19393229484558,2,4,7,11,0.08282407993862043
82.89593291282654,2,5,7,12,0.12609007358741858
85.76144814491272,2,6,7,13,0.08564399527180243
88.64545798301697,2,7,7,14,0.02993163619022735
91.33380460739136,3,1,7,15,0.04967245672002806
94.56968784332275,3,2,7,16,0.03345491564142551
97.5763635635376,3,3,7,17,2.455952881304234
100.3657898902893,3,4,7,18,0.034539991960640316
102.77485394477844,3,5,7,19,0.1142314936709897
105.50238752365112,3,6,7,20,0.0831712496018521
535.4610598087311,3,7,7,21,0.033658932795236594
749.6915681362152,1,1,7,22,0.06295901348342484
752.9369225502014,1,2,7,23,0.03327647343151306
756.0335953235626,1,3,7,24,1.9602801435193622
759.7100117206573,1,4,7,25,0.020680779765501384
763.4380505084991,1,5,7,26,0.05337859550345054
766.3007814884186,1,6,7,27,0.035922479783706704
768.8499567508698,1,7,7,28,0.04456576876945334
771.872487783432,2,1,7,29,0.07166184469179544
775.1756002902985,2,2,7,30,0.04030948246789352
778.3858895301819,2,3,7,31,1.8158938565373033
781.3829255104065,2,4,7,32,0.02282477190696199
784.0771682262421,2,5,7,33,0.035542514826433474
787.7141616344452,2,6,7,34,0.024550054295849083
791.3602414131165,2,7,7,35,0.029954603609508045
793.962409734726,3,1,7,36,0.05652334885094305
797.1124684810638,3,2,7,37,0.032910567367540965
800.3455822467804,3,3,7,38,1.836836054892167
803.2337019443512,3,4,7,39,0.022615291932424158
806.2076528072357,3,5,7,40,0.028416954355078863
808.8882963657379,3,6,7,41,0.024801598182427022
1617.2229297161102,3,7,7,42,0.03466545180535088
1750.5093100070953,1,1,7,43,0.057911458397170504
1752.585176706314,1,2,7,44,0.03378231933940066
1754.4935879707336,1,3,7,45,1.6797981336615433
1756.46155834198,1,4,7,46,0.0271375776171135
1758.3655412197113,1,5,7,47,0.03302825565878678
1760.1894471645355,1,6,7,48,0.021745568562509688
1761.7002511024475,1,7,7,49,0.022196608994363737
1763.6158306598663,2,1,7,50,0.052697516827547045
1765.575091600418,2,2,7,51,0.03008621945548228
1767.4654486179352,2,3,7,52,1.5015599724073805
1769.4060633182526,2,4,7,53,0.025481415941075523
1771.241681098938,2,5,7,54,0.032253698925560396
1772.9718697071075,2,6,7,55,0.01941084605710196
1774.8411231040955,2,7,7,56,0.021620477524229804
1776.7899162769318,3,1,7,57,0.058170791542303764
1778.8913650512695,3,2,7,58,0.029181697120768107
1780.7287423610687,3,3,7,59,1.4635449014360713
1782.577639579773,3,4,7,60,0.015437608639635883
1784.3896660804749,3,5,7,61,0.027089312821816862
1786.261570930481,3,6,7,62,0.021458966494371217
2267.942328453064,3,7,7,63,0.016864463238187147
2404.5426154136658,1,1,7,64,0.04521104728701447
2406.2805309295654,1,2,7,65,0.024822702782020582
2408.0061211586,1,3,7,66,1.3608499350815484
2409.7544889450073,1,4,7,67,0.023617429280767835
2411.646101474762,1,5,7,68,0.030350518503425707
2413.656905412674,1,6,7,69,0.020136034795080984
2415.6108179092407,1,7,7,70,0.03348669702571681
2417.2774183750153,2,1,7,71,0.04437470054133884
2418.8735246658325,2,2,7,72,0.03495544590592627
2420.6785383224487,2,3,7,73,1.3202063169778644
2422.4297063350677,2,4,7,74,0.02118753219961121
2424.442316532135,2,5,7,75,0.0232816821609199
2426.12558054924,2,6,7,76,0.01859102099300746
2428.0295383930206,2,7,7,77,0.02669731856083545
2429.5161123275757,3,1,7,78,0.044790752222575184
2431.3496153354645,3,2,7,79,0.027904022606487413
2433.176894426346,3,3,7,80,1.2102286213105264
2435.140903711319,3,4,7,81,0.022852333682807605
2436.8696188926697,3,5,7,82,0.02343362116808408
2438.665657520294,3,6,7,83,0.01888685906658111
2918.3611516952515,3,7,7,84,0.0225949323384619
3055.0799696445465,1,1,7,85,0.039686576250596683
3057.0906929969788,1,2,7,86,0.021207428012856824
3059.1713144779205,1,3,7,87,1.2759675675855628
3060.840674161911,1,4,7,88,0.02110924612423744
3062.871434211731,1,5,7,89,0.03343861682040082
3064.59667468071,1,6,7,90,0.015094868177845744
3066.31009888649,1,7,7,91,0.05429407727983744
3068.089423418045,2,1,7,92,0.05494924566095532
3069.617792367935,2,2,7,93,0.04397408511141851
3071.3936121463776,2,3,7,94,1.2487525021506811
3073.2395899295807,2,4,7,95,0.014779981011167894
3075.0896196365356,2,5,7,96,0.027738376333571728
3076.841594696045,2,6,7,97,0.016111244137763433
3077.9649131298065,2,7,7,98,0.024420108010218662
3078.3327808380127,3,1,7,99,0.029231067845272796
3079.0406329631805,3,2,7,100,0.038775625801975785
3080.8080661296844,3,3,7,101,1.1766584592642704
3082.746089696884,3,4,7,102,0.018028375966306017
3084.645523786545,3,5,7,103,0.02347929297237275
3086.275595664978,3,6,7,104,0.020777345102114778
3570.167275905609,3,7,7,105,0.02842808824538333
3700.6450135707855,1,1,7,106,0.03857070664915579
3702.3131725788116,1,2,7,107,0.025371861781946895
3704.3097891807556,1,3,7,108,0.9815328779055343
3706.1135642528534,1,4,7,109,0.011888199032807256
3707.931601047516,1,5,7,110,0.021086399433732722
3709.599644422531,1,6,7,111,0.011459979848198317
3711.2693111896515,1,7,7,112,0.02847736916335558
3713.1514477729797,2,1,7,113,0.0356830538554372
3714.745687484741,2,2,7,114,0.02406110910732335
3716.4574925899506,2,3,7,115,0.9575743024442622
3718.125706911087,2,4,7,116,0.015873290775728268
3719.9212164878845,2,5,7,117,0.020208136080566548
3721.7314414978027,2,6,7,118,0.010466352602663112
3723.2618725299835,2,7,7,119,0.03058181114647577
3724.8722820281982,3,1,7,120,0.02516381919352266
3726.3615312576294,3,2,7,121,0.019484850836004847
3727.741921186447,3,3,7,122,1.057754221834989
3729.606201648712,3,4,7,123,0.014883461179447636
3731.59739613533,3,5,7,124,0.019410418426846952
3733.2611677646637,3,6,7,125,0.016538665342063923
4212.064432382584,3,7,7,126,0.03560259009556217
4344.094748258591,1,1,7,127,0.01975313212773154
4346.241388320923,1,2,7,128,0.016143954121986475
4347.799639225006,1,3,7,129,1.0213853531412656
4349.601580142975,1,4,7,130,0.014434537461353437
4351.681643009186,1,5,7,131,0.01971881949650184
4353.687095880508,1,6,7,132,0.019957006281130535
4355.629539966583,1,7,7,133,0.023089456584274512
4357.561991453171,2,1,7,134,0.026496550503189588
4359.554032564163,2,2,7,135,0.021497476158503195
4361.413972616196,2,3,7,136,0.7951936398735335
4363.430721759796,2,4,7,137,0.01047018433503593
4365.325949430466,2,5,7,138,0.021442735049878217
4367.065041065216,2,6,7,139,0.011599337610102262
4368.834191083908,2,7,7,140,0.014930702080367713
4370.635804653168,3,1,7,141,0.0209636316470454
4372.477908849716,3,2,7,142,0.01387213625245072
4374.5103714466095,3,3,7,143,0.9144249133935142
4376.611717700958,3,4,7,144,0.015425606785489657
4378.473655700684,3,5,7,145,0.019778427131965474
4380.404751300812,3,6,7,146,0.013095349073951566
4858.819323539734,3,7,7,147,0.017449957610462974
4989.284574985504,1,1,7,148,0.03206880346179142
4991.147823572159,1,2,7,149,0.014052698383608616
4992.9285888671875,1,3,7,150,0.8396472089358723
4994.985874652863,1,4,7,151,0.014253533579444769
4996.829540491104,1,5,7,152,0.019630966033409483
4998.557728052139,1,6,7,153,0.01831980795395672
5000.546790122986,1,7,7,154,0.025493991073500914
5002.457568883896,2,1,7,155,0.020432167883698324
5004.464161634445,2,2,7,156,0.022205735893942827
5006.298953294754,2,3,7,157,0.7285437899173919
5008.017551183701,2,4,7,158,0.009401501439074198
5009.777517557144,2,5,7,159,0.014969108818136694
5011.811322450638,2,6,7,160,0.0135300138906456
5013.780385494232,2,7,7,161,0.019783451719008537
5015.643610239029,3,1,7,162,0.013941107921563636
5017.5495865345,3,2,7,163,0.013186489900297114
5019.324301958084,3,3,7,164,0.7292315548694206
5021.011491775513,3,4,7,165,0.015474022270709603
5022.9336149692535,3,5,7,166,0.0189293665203117
5024.98185801506,3,6,7,167,0.008211349601458041
5498.563351869583,3,7,7,168,0.020880944136377106
5631.482230424881,1,1,7,169,0.017040204243476333
5633.469381093979,1,2,7,170,0.01771051873716064
5635.447385311127,1,3,7,171,1.1011704268466547
5637.3134706020355,1,4,7,172,0.019806935595657132
5639.124871730804,1,5,7,173,0.027631419320201394
5641.140330076218,1,6,7,174,0.013726592147838152
5642.89316701889,1,7,7,175,0.019419785296218448
5644.69002366066,2,1,7,176,0.03805757379070659
5646.449819564819,2,2,7,177,0.027470844000632502
5648.528792619705,2,3,7,178,0.8915910877020914
5650.257570028305,2,4,7,179,0.0096244385734273
5652.001667261124,2,5,7,180,0.015361638815789398
5653.849728822708,2,6,7,181,0.013150086854888124
5655.641479969025,2,7,7,182,0.016828242470348365
5657.793252229691,3,1,7,183,0.01796591281411139
5659.6854865550995,3,2,7,184,0.0214361276492527
5661.52899980545,3,3,7,185,0.8081857953420211
5663.353533744812,3,4,7,186,0.01739182763980171
5664.973642110825,3,5,7,187,0.023423222276419835
5666.777789115906,3,6,7,188,0.0117299017798561
6142.485896110535,3,7,7,189,0.023656218684046795
6272.954394102097,1,1,7,190,0.020358931471611757
6274.617396354675,1,2,7,191,0.01395500808161582
6276.573251485825,1,3,7,192,0.9297767198061129
6278.525720834732,1,4,7,193,0.011499112983772153
6280.253489732742,1,5,7,194,0.028851333193082564
6282.002106189728,1,6,7,195,0.01108866270650498
6283.6281678676605,1,7,7,196,0.020525251798145593
6285.481519460678,2,1,7,197,0.02792581978724106
6287.1888127326965,2,2,7,198,0.03491998762987391
6289.094841480255,2,3,7,199,0.7508291152370399
6290.902745246887,2,4,7,200,0.00657741949399718
6292.7989757061005,2,5,7,201,0.017763993403435673
6294.7337148189545,2,6,7,202,0.01607437910711
6296.769684791565,2,7,7,203,0.014045419702653984
6298.381568908691,3,1,7,204,0.02111278906157673
6300.1695561409,3,2,7,205,0.015377507741279602
6302.033490419388,3,3,7,206,0.6624171167019284
6303.860197544098,3,4,7,207,0.013232892863804342
6305.817638874054,3,5,7,208,0.012160452414985147
6307.4986782073975,3,6,7,209,0.012643592496825068
6784.315987110138,3,7,7,210,0.01729966220061127
6914.950448274612,1,1,7,211,0.01915780762061416
6916.833558559418,1,2,7,212,0.01101478746938787
6918.625731229782,1,3,7,213,0.6880847580115339
6920.701715230942,1,4,7,214,0.014382852811379845
6922.473671197891,1,5,7,215,0.013017507030866373
6924.393149852753,1,6,7,216,0.009531776488606947
6926.169748783112,1,7,7,217,0.015037228874471382
6928.054646968842,2,1,7,218,0.018675940159714213
6929.749905586243,2,2,7,219,0.013434762629634205
6931.877165555954,2,3,7,220,0.6001016610235702
6933.970814943314,2,4,7,221,0.01699473515849732
6936.017395496368,2,5,7,222,0.011307981708666873
6937.882820606232,2,6,7,223,0.012519810763940535
6939.926651954651,2,7,7,224,0.014112951291778478
6942.2498235702515,3,1,7,225,0.015653648493839323
6943.965854883194,3,2,7,226,0.015584188971030746
6946.045891523361,3,3,7,227,0.5269383641809805
6948.151390075684,3,4,7,228,0.013546583805313598
6950.209406852722,3,5,7,229,0.011381230263448824
6952.0688219070435,3,6,7,230,0.010715863570631614
7430.286798477173,3,7,7,231,0.012877183111151488
7559.102103948593,1,1,7,232,0.08272895596274307
7561.0896372795105,1,2,7,233,0.024436769342058653
7563.053587913513,1,3,7,234,2.4444087932552163
7565.028919696808,1,4,7,235,0.027829459037305965
7566.957632064819,1,5,7,236,0.09473691426934756
7568.917790412903,1,6,7,237,0.021594476688179494
7570.735810518265,1,7,7,238,0.038369542702100454
7572.186066865921,2,1,7,239,0.05861375037963428
7573.997853040695,2,2,7,240,0.08479753382146399
7575.905730485916,2,3,7,241,2.036062586153898
7577.765449285507,2,4,7,242,0.01343858113562374
7579.639141082764,2,5,7,243,0.028037465309069233
7581.216456651688,2,6,7,244,0.018752595272589215
7583.065589427948,2,7,7,245,0.015814417697909394
7585.029546737671,3,1,7,246,0.0276238657436544
7586.544402599335,3,2,7,247,0.02226437351625693
7588.229580163956,3,3,7,248,1.60917176689477
7589.805999517441,3,4,7,249,0.02164642475463347
7591.546242713928,3,5,7,250,0.027255324721961363
7593.014092683792,3,6,7,251,0.012886504648014531
8071.375597715378,3,7,7,252,0.012320370368051479
8201.305958509445,1,1,7,253,0.04522832462231147
8203.261537075043,1,2,7,254,0.011852911476031151
8204.8701775074,1,3,7,255,1.6585740888761098
8206.797682762146,1,4,7,256,0.024826938247824563
8208.592980384827,1,5,7,257,0.04702195675594646
8210.459207296371,1,6,7,258,0.012069287558236698
8212.228121042252,1,7,7,259,0.02378411264953576
8213.901648044586,2,1,7,260,0.03738798472339346
8215.82177400589,2,2,7,261,0.055606544715467235
8217.454875707626,2,3,7,262,1.2341397791151703
8219.2128636837,2,4,7,263,0.010835252137612373
8220.976646184921,2,5,7,264,0.022701533797997962
8222.906690359116,2,6,7,265,0.021732690580386856
8224.956368684769,2,7,7,266,0.033131626095212405
8226.693917274475,3,1,7,267,0.02336872040139941
8228.512870550156,3,2,7,268,0.02679022668818765
8230.19564294815,3,3,7,269,1.0345376121717949
8232.259713888168,3,4,7,270,0.016075886917210427
8234.320588350296,3,5,7,271,0.030900916709008346
8236.401858091354,3,6,7,272,0.012623773791359497
8714.026520490646,3,7,7,273,0.02083249835415256
8846.50188612938,1,1,7,274,0.0217503740553749
8848.470069885254,1,2,7,275,0.01478729858099761
8849.832744121552,1,3,7,276,0.9401686001293184
8851.575825214386,1,4,7,277,0.01098124865205534
8853.433719873428,1,5,7,278,0.02052577906404879
8855.515389680862,1,6,7,279,0.008896433184337292
8857.78550028801,1,7,7,280,0.02028668015519932
8859.771605730057,2,1,7,281,0.019424770974893157
8861.589632749557,2,2,7,282,0.01721612219270483
8863.48466014862,2,3,7,283,0.7985352775267068
8865.529610395432,2,4,7,284,0.014687266265304665
8867.600480556488,2,5,7,285,0.021443637270033337
8869.684418916702,2,6,7,286,0.008314778455576348
8871.3321185112,2,7,7,287,0.019318893046466164
8873.185742378235,3,1,7,288,0.01753282454209726
8874.99690747261,3,2,7,289,0.019375623733173176
8876.61481308937,3,3,7,290,0.6902274341470732
8878.205467939377,3,4,7,291,0.013149587266417923
8880.09643149376,3,5,7,292,0.01664656360214309
8881.781592607498,3,6,7,293,0.013448822486179082
9357.124308347702,3,7,7,294,0.018207597231960804
9493.884559392929,1,1,7,295,0.021917304069903925
9496.0618622303,1,2,7,296,0.009585834160321351
9498.00432562828,1,3,7,297,0.8528294250267435
9499.963209867477,1,4,7,298,0.01338043142817107
9501.926085948944,1,5,7,299,0.02026662108577081
9503.956951856613,1,6,7,300,0.010082287935865472
9505.961629390717,1,7,7,301,0.01628138474389958
9507.908979654312,2,1,7,302,0.015746224884955765
9509.872464418411,2,2,7,303,0.014545183859966023
9511.839211940765,2,3,7,304,0.8471867550735642
9513.721479177475,2,4,7,305,0.011026229914875124
9515.800709486008,2,5,7,306,0.014894792719366189
9517.985709905624,2,6,7,307,0.009423610137384592
9519.800274848938,2,7,7,308,0.018032354301583724
9521.517311573029,3,1,7,309,0.017839735768216687
9523.382206916809,3,2,7,310,0.012130821427651678
9525.32925081253,3,3,7,311,0.6679050080491089
9526.993880987167,3,4,7,312,0.009134067491664729
9529.044947862625,3,5,7,313,0.015458867824177993
9531.069329738617,3,6,7,314,0.01414180775825172
9999.75940322876,3,7,7,315,0.017655558490853582
10129.41197347641,1,1,7,316,0.012803017616355678
10131.155938863754,1,2,7,317,0.00991986710275057
10132.9256772995,1,3,7,318,0.5698499282284244
10134.820777654648,1,4,7,319,0.012781836527343505
10136.704290390015,1,5,7,320,0.013336223459968176
10138.481627225876,1,6,7,321,0.010834310025339768
10140.593547344208,1,7,7,322,0.01200956096793291
10142.277598142624,2,1,7,323,0.011811233387002011
10144.289628982544,2,2,7,324,0.01374706302524612
10146.039675474167,2,3,7,325,0.5089821070504237
10147.990814685822,2,4,7,326,0.008934980944335112
10150.080228090286,2,5,7,327,0.011978367606684427
10151.96443271637,2,6,7,328,0.008849810229159
10154.044369459152,2,7,7,329,0.01259603329437142
10155.95248746872,3,1,7,330,0.014355164661203068
10157.67118549347,3,2,7,331,0.01156898006534959
10159.728741168976,3,3,7,332,0.561023605917443
10161.349738121033,3,4,7,333,0.008220526511685883
10163.11526799202,3,5,7,334,0.012349788981470006
10165.003080368042,3,6,7,335,0.008969807519037507
10645.578577518463,3,7,7,336,0.01024197116169569
10779.274054050446,1,1,7,337,0.013547653539403346
10780.905776262283,1,2,7,338,0.015082299904506581
10782.777596712112,1,3,7,339,0.7425889145632346
10784.429140329361,1,4,7,340,0.009369496375243272
10786.525577545166,1,5,7,341,0.01541758728193929
10788.409022808075,1,6,7,342,0.0075109620111581095
10790.289585828781,1,7,7,343,0.010445432761686118
10792.157670974731,2,1,7,344,0.014152601111634727
10794.264001369476,2,2,7,345,0.009933689257374163
10796.19351696968,2,3,7,346,0.6689105759850773
10798.081384658813,2,4,7,347,0.005715512634550196
10799.971068620682,2,5,7,348,0.01209385517196594
10801.791214704514,2,6,7,349,0.011820799470685775
10803.71320939064,2,7,7,350,0.017153159133082338
10805.554100036621,3,1,7,351,0.012922594962141765
10807.418662548065,3,2,7,352,0.022135553080672027
10809.361672878265,3,3,7,353,0.4349171616544877
10811.376419782639,3,4,7,354,0.013309166750350548
10813.265624046326,3,5,7,355,0.014209249790407736
10815.17973780632,3,6,7,356,0.008360774486640157
11291.729285955429,3,7,7,357,0.01895946182370336
11419.330922603607,1,1,7,358,0.013381846749688073
11421.08999967575,1,2,7,359,0.011445422780812326
11423.035860061646,1,3,7,360,0.5396929053723891
11424.657666921616,1,4,7,361,0.014262414240352371
11426.280596256256,1,5,7,362,0.0152509455635544
11428.026164770126,1,6,7,363,0.008088493696671445
11429.729615449905,1,7,7,364,0.012764563768164308
11431.753498792648,2,1,7,365,0.01720754391069365
11433.540274858475,2,2,7,366,0.016077150295493173
11435.364515304565,2,3,7,367,0.3223024013371868
11437.205455303192,2,4,7,368,0.010696664561845058
11439.012525320053,2,5,7,369,0.012135926410277284
11440.671623945236,2,6,7,370,0.011004213593659183
11442.420137882233,2,7,7,371,0.014803131267479914
11444.165796279907,3,1,7,372,0.01638262025282702
11445.88929605484,3,2,7,373,0.016530065703363066
11447.749611854553,3,3,7,374,0.4089122179674215
11449.629824876785,3,4,7,375,0.01600481967562094
11451.489502191544,3,5,7,376,0.017716657358061334
11453.508058071136,3,6,7,377,0.007722860412112139
11936.769080162048,3,7,7,378,0.012538363382442255
12056.425382614136,1,1,7,379,0.0100993468091308
12058.073521375656,1,2,7,380,0.009225000414022959
12059.8598716259,1,3,7,381,0.5242298918778445
12061.70005273819,1,4,7,382,0.01112995578308056
12063.405743837357,1,5,7,383,0.01669871461241508
12065.343552589417,1,6,7,384,0.007546965758595436
12067.070303916931,1,7,7,385,0.01088248316743373
12069.009596824646,2,1,7,386,0.015825572384863307
12070.857518911362,2,2,7,387,0.017612640146945226
12072.194616556168,2,3,7,388,0.46960311703012597
12073.592500925064,2,4,7,389,0.006511768046551825
12075.233563423157,2,5,7,390,0.006544680989360861
12076.94295668602,2,6,7,391,0.010917460308145825
12078.969527959824,2,7,7,392,0.01609841702349414
12080.78406715393,3,1,7,393,0.010549546652818879
12082.272436380386,3,2,7,394,0.012515503286609391
12083.844765663147,3,3,7,395,0.5185038334178806
12085.559016227722,3,4,7,396,0.009255178877867446
12087.293445587158,3,5,7,397,0.0073429738618978006
12088.897515773773,3,6,7,398,0.01108049717039336
12578.933572530746,3,7,7,399,0.009246617949855492
12713.137364149094,1,1,7,400,0.014137381929005561
12714.849282741547,1,2,7,401,0.013279567287801455
12716.465689182281,1,3,7,402,0.65696019851551
12718.465458631516,1,4,7,403,0.021556328352909063
12720.20486831665,1,5,7,404,0.04897165586280798
12722.10547041893,1,6,7,405,0.010819528255070841
12724.06545162201,1,7,7,406,0.01437260401843236
12725.928752422333,2,1,7,407,0.021954847221378408
12727.389019489288,2,2,7,408,0.021372554025557478
12729.217330694199,2,3,7,409,0.4409934346811832
12730.956883430481,2,4,7,410,0.007504076349997762
12732.60691523552,2,5,7,411,0.012773513871205159
12734.408511400223,2,6,7,412,0.015227516354609012
12736.20545220375,2,7,7,413,0.014280123787942828
12738.257143497467,3,1,7,414,0.017900833769377993
12740.202409505844,3,2,7,415,0.011507678974343787
12741.905495882034,3,3,7,416,0.4607741154003922
12743.849515676498,3,4,7,417,0.009427624802654376
12745.849056243896,3,5,7,418,0.013203311244432744
12747.853526353836,3,6,7,419,0.010210311342505145
13223.583547115326,3,7,7,420,0.014775901159678029
13354.326440095901,1,1,7,421,0.017871080262563167
13356.409796714783,1,2,7,422,0.009219456917188866
13358.433563709259,1,3,7,423,0.7816088787002109
13360.301591396332,1,4,7,424,0.01059069161131161
13362.331649541855,1,5,7,425,0.011661746654410186
13364.196666240692,1,6,7,426,0.009017633615604068
13366.130707025528,1,7,7,427,0.007652128683022893
13367.651049852371,2,1,7,428,0.01590266109847
13369.528468370438,2,2,7,429,0.0135867994719107
13371.571197271347,2,3,7,430,0.616102872163826
13373.326634407043,2,4,7,431,0.012706845545429977
13375.39475774765,2,5,7,432,0.008654647463989511
13377.405020236969,2,6,7,433,0.010871207889077361
13379.192535161972,2,7,7,434,0.010612409496163634
13381.009542703629,3,1,7,435,0.011740374292171122
13382.703163146973,3,2,7,436,0.011993212146273285
13384.445017576218,3,3,7,437,0.4871561267698524
13386.412407636642,3,4,7,438,0.01039412207198943
13388.127413749695,3,5,7,439,0.011999289632162024
13389.665546417236,3,6,7,440,0.010185731460536591
13871.436152219772,3,7,7,441,0.011568435239839202
14002.370428323746,1,1,7,442,0.012846716902113635
14003.973559141159,1,2,7,443,0.009834866708564947
14005.74972319603,1,3,7,444,0.5317116539812554
14007.548931360245,1,4,7,445,0.009314806896378057
14009.513503313065,1,5,7,446,0.019289432608468923
14011.181226491928,1,6,7,447,0.006808452111542836
14012.87630391121,1,7,7,448,0.013837270154245233
14014.717633008957,2,1,7,449,0.0128373312581568
14016.904032468796,2,2,7,450,0.014180554117228308
14018.909715890884,2,3,7,451,0.36710666897534533
14020.74194264412,2,4,7,452,0.009773616633390499
14022.549184322357,2,5,7,453,0.022258412134472126
14024.403926610947,2,6,7,454,0.01060075381501473
14026.237508773804,2,7,7,455,0.01144975989706122
14027.981594324112,3,1,7,456,0.013316569637724533
14029.673709630966,3,2,7,457,0.016018404128427595
14031.577577352524,3,3,7,458,0.2729342938757739
14033.416424751282,3,4,7,459,0.008974029123900207
14035.097570180893,3,5,7,460,0.013802079254402796
14036.956852674484,3,6,7,461,0.011596999058814396
14513.83731508255,3,7,7,462,0.013595495479041205
14644.448641777039,1,1,7,463,0.01855708249675864
14646.480561256409,1,2,7,464,0.012403310770827672
14648.500801801682,1,3,7,465,0.44185776937485494
14650.493515253067,1,4,7,466,0.011001130143903201
14652.063905477524,1,5,7,467,0.02005156135391764
14653.96154332161,1,6,7,468,0.007528476955831308
14655.755836963654,1,7,7,469,0.011388173017878346
14657.820849895477,2,1,7,470,0.017774986936282586
14659.705961704254,2,2,7,471,0.013078757513788756
14661.801656723022,2,3,7,472,0.45943715893829984
14663.853540182114,2,4,7,473,0.007634001272607339
14665.84810256958,2,5,7,474,0.022472586862970316
14667.509686470032,2,6,7,475,0.009890462214514038
14669.391701698303,2,7,7,476,0.012305597564414423
14671.43819975853,3,1,7,477,0.012020071046362596
14673.207661628723,3,2,7,478,0.014139885324071738
14675.071135520935,3,3,7,479,0.2586766652145298
14676.841569662094,3,4,7,480,0.012452331742120203
14678.551609277725,3,5,7,481,0.022070844099192164
14680.23684167862,3,6,7,482,0.006319873453581276
15159.546911478043,3,7,7,483,0.009970737021249758
15280.849978923798,1,1,7,484,0.011433871893425884
15282.741748094559,1,2,7,485,0.0074995403199405435
15284.444996595383,1,3,7,486,0.3039377423896416
15285.844877243042,1,4,7,487,0.008807467848817379
15287.653765201569,1,5,7,488,0.010209403910810464
15289.538076877594,1,6,7,489,0.010417105257121678
15291.593410015106,1,7,7,490,0.006801697750684975
15293.175360441208,2,1,7,491,0.012060734774036005
15294.825505971909,2,2,7,492,0.010679491713885424
15296.389820575714,2,3,7,493,0.3211987845181105
15298.058548212051,2,4,7,494,0.009236726687306516
15299.993640899658,2,5,7,495,0.015420848134928035
15301.766070604324,2,6,7,496,0.013149223876379356
15303.6093583107,2,7,7,497,0.0196553818290058
15305.117449045181,3,1,7,498,0.013723536232778645
15306.53607058525,3,2,7,499,0.010850025737384306
15307.968705177307,3,3,7,500,0.2172215279572054
15309.745853185654,3,4,7,501,0.012448837432230974
15311.434884548187,3,5,7,502,0.016628576433107098
15313.02558350563,3,6,7,503,0.00812629320250945
15805.474666118622,3,7,7,504,0.011281031872179735
15938.066297531128,1,1,7,505,0.013528313591565255
15940.182071208954,1,2,7,506,0.014456061919950018
15942.081531763077,1,3,7,507,0.28046314518776366
15943.94551563263,1,4,7,508,0.006502593399881979
15945.556774377823,1,5,7,509,0.015633669241870735
15947.151955604553,1,6,7,510,0.009589586600242738
15948.921660900116,1,7,7,511,0.014160583260057367
15950.969627380371,2,1,7,512,0.009293516404141548
15952.989853858948,2,2,7,513,0.010704789207436019
15955.039281845093,2,3,7,514,0.2750903288744381
15957.076234817505,2,4,7,515,0.007822108473456667
15958.917808294296,2,5,7,516,0.011604811494852216
15960.672632932663,2,6,7,517,0.013068689305910626
15962.777572154999,2,7,7,518,0.015887549231845502
15964.629507303238,3,1,7,519,0.013635480908047533
15966.617712020874,3,2,7,520,0.007597566188664124
15968.624445438385,3,3,7,521,0.2258025528908044
15970.301565170288,3,4,7,522,0.008603502530063348
15972.341452360153,3,5,7,523,0.01314453822189796
15974.716609239578,3,6,7,524,0.008520082742428919
16438.59928560257,3,7,7,525,0.007605951898088865
16571.385318994522,1,1,7,526,0.03334012558119558
16573.195835351944,1,2,7,527,0.012290766461652586
16575.042760133743,1,3,7,528,0.8514725804147063
16576.610709667206,1,4,7,529,0.007255730651944953
16578.08399963379,1,5,7,530,0.012845519393630583
16579.769688367844,1,6,7,531,0.00789977973072449
16581.544892549515,1,7,7,532,0.005705313021841402
16583.47314786911,2,1,7,533,0.016674205087529634
16585.17309331894,2,2,7,534,0.01499163580191908
16586.93775486946,2,3,7,535,0.5588017803812892
16588.757457971573,2,4,7,536,0.01008066749783268
16590.687575817108,2,5,7,537,0.017201506089483933
16592.449665784836,2,6,7,538,0.007876483695710503
16594.111131191254,2,7,7,539,0.01426907459380616
16596.063859939575,3,1,7,540,0.012861825934864056
16597.905517816544,3,2,7,541,0.01632827910351988
16599.957579135895,3,3,7,542,0.4722256548986048
16601.786572933197,3,4,7,543,0.010698522760786765
16602.836282014847,3,5,7,544,0.011785093127665066
16604.548132181168,3,6,7,545,0.007131107144142301
17082.381517648697,3,7,7,546,0.00962870994334807
17207.82604598999,1,1,7,547,0.01831008976714621
17209.71393609047,1,2,7,548,0.005577231968432694
17211.393863916397,1,3,7,549,0.5782688994083751
17213.169870376587,1,4,7,550,0.007548878418385358
17215.031009435654,1,5,7,551,0.01594357526491115
17216.776727199554,1,6,7,552,0.009809674827803207
17218.34289240837,1,7,7,553,0.009711842519323433
17220.215366840363,2,1,7,554,0.009122013684736389
17222.013817310333,2,2,7,555,0.009974620889620341
17223.83698940277,2,3,7,556,0.35786949145098856
17225.66924881935,2,4,7,557,0.008709491434962819
17227.38058924675,2,5,7,558,0.014958484213891905
17229.015387296677,2,6,7,559,0.012000505196164494
17230.785351753235,2,7,7,560,0.016563144734543976
17232.157314300537,3,1,7,561,0.014742339275589891
17233.90068268776,3,2,7,562,0.010528142454356315
17235.869592666626,3,3,7,563,0.33041882053427984
17237.706512451172,3,4,7,564,0.011967069300805282
17239.453221321106,3,5,7,565,0.012161446547567394
17240.84599685669,3,6,7,566,0.010775381646971916
17721.2859518528,3,7,7,567,0.012334610899366933
17847.0598487854,1,1,7,568,0.007860015636426448
17848.78070640564,1,2,7,569,0.010000622005586384
17850.497555971146,1,3,7,570,0.2532816822727165
17852.101590394974,1,4,7,571,0.0067620398860093215
17853.728653669357,1,5,7,572,0.009906048846186795
17855.189195632935,1,6,7,573,0.01319568613633785
17857.26694369316,1,7,7,574,0.00882943864564454
17859.135549545288,2,1,7,575,0.011007227971713272
17860.627515554428,2,2,7,576,0.011788136149898952
17862.157435655594,2,3,7,577,0.15902036413080975
17864.02895307541,2,4,7,578,0.008648848709740819
17865.89908862114,2,5,7,579,0.01084437207446684
17867.48934173584,2,6,7,580,0.012474120967516501
17869.413786411285,2,7,7,581,0.012323434487186563
17871.173528432846,3,1,7,582,0.013439187402170392
17873.01293516159,3,2,7,583,0.007923699131484215
17874.821750164032,3,3,7,584,0.17741719172309492
17876.410071372986,3,4,7,585,0.006727915332235168
17877.89734506607,3,5,7,586,0.014880159396235767
17879.51775956154,3,6,7,587,0.007896173447371712
18360.680092334747,3,7,7,588,0.007612083324991957
18490.867191791534,1,1,7,589,0.014970318716979316
18492.560129880905,1,2,7,590,0.008622980609469214
18494.525549650192,1,3,7,591,0.32365703083442937
18496.100661993027,1,4,7,592,0.008608700562780965
18498.030643463135,1,5,7,593,0.01420903696427961
18499.541306495667,1,6,7,594,0.010911665087971789
18501.58089184761,1,7,7,595,0.009346465410031778
18503.553485631943,2,1,7,596,0.01218149295352582
18505.308064222336,2,2,7,597,0.011324492814600356
18507.249836683273,2,3,7,598,0.2866282541783552
18508.941628217697,2,4,7,599,0.007954646409868978
18510.880007982254,2,5,7,600,0.008022108751340892
18512.856036424637,2,6,7,601,0.01130084228994645
18514.79357290268,2,7,7,602,0.00823500230553461
18516.735187530518,3,1,7,603,0.010895800379488924
18518.68171954155,3,2,7,604,0.007966564730419016
18520.29758453369,3,3,7,605,0.22947790568822438
18522.257875204086,3,4,7,606,0.008325205518942074
18523.86582827568,3,5,7,607,0.011106832495139307
18525.569489717484,3,6,7,608,0.010850038647693074
18995.756064891815,3,7,7,609,0.00895858337316973
19123.53780245781,1,1,7,610,0.01086294203165175
19125.33793449402,1,2,7,611,0.006977863163835746
19126.785826921463,1,3,7,612,0.34722135716205954
19128.632480859756,1,4,7,613,0.004960889739101409
19130.647963523865,1,5,7,614,0.006192941080761625
19132.81607079506,1,6,7,615,0.006801427209418716
19134.90792632103,1,7,7,616,0.00929227577382787
19136.838418722153,2,1,7,617,0.008471458850356581
19138.885983228683,2,2,7,618,0.006043720679757239
19140.733946323395,2,3,7,619,0.2235359916463469
19142.420895576477,2,4,7,620,0.007362703582504909
19144.10609149933,2,5,7,621,0.008044113147297097
19145.92636203766,2,6,7,622,0.010491281916880334
19147.681705474854,2,7,7,623,0.008609020091552008
19149.69273209572,3,1,7,624,0.008742868551054276
19151.4855158329,3,2,7,625,0.007059037706921529
19153.64327931404,3,3,7,626,0.27458412957783873
19155.614552736282,3,4,7,627,0.006926265109593867
19157.24737071991,3,5,7,628,0.007810776062280297
19158.84133720398,3,6,7,629,0.011487796615085975
19639.79607772827,3,7,7,630,0.006316400586476714
19766.65205192566,1,1,7,631,0.009644835774339389
19768.590903282166,1,2,7,632,0.009088169595972813
19770.34101676941,1,3,7,633,0.2299122417953188
19772.101194620132,1,4,7,634,0.006701436621942772
19773.968245506287,1,5,7,635,0.00780442126403706
19775.18570303917,1,6,7,636,0.00979711847636837
19776.88947749138,1,7,7,637,0.012255933017925727
19778.449424266815,2,1,7,638,0.010229178584311794
19780.30406975746,2,2,7,639,0.004417315677733014
19781.968577623367,2,3,7,640,0.22815670456819132
19783.4975771904,2,4,7,641,0.008841179335895255
19784.956407785416,2,5,7,642,0.011724513102443112
19786.489683628082,2,6,7,643,0.010368417514672322
19788.20486497879,2,7,7,644,0.00801596376056973
19789.89729833603,3,1,7,645,0.007345501779663801
19791.152673959732,3,2,7,646,0.007330119931682074
19792.769594192505,3,3,7,647,0.21920971026691824
19794.475975751877,3,4,7,648,0.009405930467227763
19796.31131339073,3,5,7,649,0.01037211000127609
19798.065362215042,3,6,7,650,0.006707192605083609
20282.316396713257,3,7,7,651,0.00853177900945994
20408.097514390945,1,1,7,652,0.019086132999065027
20409.833794116974,1,2,7,653,0.013519074453864738
20411.589601516724,1,3,7,654,0.5001159733204523
20413.379209518433,1,4,7,655,0.02349575612653508
20415.039236068726,1,5,7,656,0.05120627192401536
20416.85293984413,1,6,7,657,0.010939325501248674
20418.700299739838,1,7,7,658,0.011786222081183734
20420.549674987793,2,1,7,659,0.01887386406465901
20422.399223089218,2,2,7,660,0.017776744723749054
20424.253845214844,2,3,7,661,0.36709191533686525
20425.981031656265,2,4,7,662,0.004884924596573346
20427.73324894905,2,5,7,663,0.018468598229893086
20429.492559671402,2,6,7,664,0.010524548181775442
20431.509583234787,2,7,7,665,0.01149749144947999
20433.040751218796,3,1,7,666,0.025229601236937717
20434.695294380188,3,2,7,667,0.02003954314136732
20436.325165987015,3,3,7,668,0.22424550850999916
20437.936499118805,3,4,7,669,0.005723580086485621
20439.631251335144,3,5,7,670,0.010538417587432776
20441.349614858627,3,6,7,671,0.008803228555169648
20917.091961860657,3,7,7,672,0.00864061616503094
21044.91421699524,1,1,7,673,0.017601440042805318
21046.876797914505,1,2,7,674,0.008838855385704994
21048.65102648735,1,3,7,675,0.44793486325543774
21050.33923625946,1,4,7,676,0.009337958676043208
21051.694554567337,1,5,7,677,0.013974341101056123
21053.209314107895,1,6,7,678,0.011343047333195664
21054.847512960434,1,7,7,679,0.006825766415609863
21056.5739569664,2,1,7,680,0.012090600150574476
21058.465717077255,2,2,7,681,0.008744957412598817
21060.307485818863,2,3,7,682,0.29235873509079463
21061.957408189774,2,4,7,683,0.007256607414106718
21063.51070833206,2,5,7,684,0.008779951830190869
21065.122552871704,2,6,7,685,0.00945660706174268
21067.03355526924,2,7,7,686,0.013120573374864088
21068.641181468964,3,1,7,687,0.009400032920236855
21070.456565141678,3,2,7,688,0.006425772057300917
21072.168553113937,3,3,7,689,0.18794687343506314
21073.945556879044,3,4,7,690,0.008128800149046177
21075.632894039154,3,5,7,691,0.010129223943268994
21077.44961118698,3,6,7,692,0.007345531601240815
21553.66004896164,3,7,7,693,0.009678830216916885
21681.75600194931,1,1,7,694,0.018956766973094435
21683.592685222626,1,2,7,695,0.008499160603833053
21684.98805117607,1,3,7,696,0.34885531351890464
21686.67434501648,1,4,7,697,0.00781029938297818
21688.19235754013,1,5,7,698,0.010663556875599329
21690.109497070312,1,6,7,699,0.009929777996685608
21692.04813671112,1,7,7,700,0.00963424881324678
21693.854340314865,2,1,7,701,0.012349777182154725
21695.597491502762,2,2,7,702,0.017955345662580287
21697.54202604294,2,3,7,703,0.26530852655430254
21699.25425839424,2,4,7,704,0.0081135707918839
21700.89630794525,2,5,7,705,0.016735491266819273
21702.453680753708,2,6,7,706,0.009580019544253065
21704.339284658432,2,7,7,707,0.006271980489605797
21706.204765558243,3,1,7,708,0.0076651962193964515
21708.089936494827,3,2,7,709,0.006316902623306126
21709.90949511528,3,3,7,710,0.214400972067834
21711.765802383423,3,4,7,711,0.008397446576477344
21713.56109380722,3,5,7,712,0.011064387291121027
21715.128510951996,3,6,7,713,0.008131050091267446
22187.75492477417,3,7,7,714,0.007728896357226039
22315.657559156418,1,1,7,715,0.009435850870944541
22317.352144002914,1,2,7,716,0.009602286799701619
22319.032447099686,1,3,7,717,0.47911775315789096
22320.587673425674,1,4,7,718,0.008536502060329841
22322.633536100388,1,5,7,719,0.020580876521344736
22324.4346241951,1,6,7,720,0.0059229551280956414
22326.157246112823,1,7,7,721,0.010016083761194026
22328.10856938362,2,1,7,722,0.008702116440740508
22329.80818748474,2,2,7,723,0.021451742472937636
22331.765854358673,2,3,7,724,0.16669535065927635
22333.431219816208,2,4,7,725,0.006443054609835498
22335.019996404648,2,5,7,726,0.014120610792748555
22336.561190128326,2,6,7,727,0.011823686508279724
22338.230201244354,2,7,7,728,0.010979125193793043
22339.829484701157,3,1,7,729,0.007849245313093162
22341.510629177094,3,2,7,730,0.006113037362416166
22343.19125843048,3,3,7,731,0.24265166186895637
22345.050818920135,3,4,7,732,0.005591736139440475
22346.739948749542,3,5,7,733,0.013292690615694248
22348.581750154495,3,6,7,734,0.008350332812770835
22812.38217973709,3,7,7,735,0.007134939901994165
22945.078976869583,1,1,7,736,0.0135618882485868
22947.118888616562,1,2,7,737,0.00694613306977735
22948.805483818054,1,3,7,738,0.19818658307909362
22950.833501815796,1,4,7,739,0.003807492950038659
22952.603723049164,1,5,7,740,0.011055490524226145
22954.425178050995,1,6,7,741,0.014245054863467176
22956.163064479828,1,7,7,742,0.010565142822405357
22958.079188108444,2,1,7,743,0.008625775248243619
22959.705379009247,2,2,7,744,0.009895593478797614
22961.379107236862,2,3,7,745,0.1427312777338913
22963.135380268097,2,4,7,746,0.01089215609384555
22964.777255296707,2,5,7,747,0.0171011974615058
22966.635464429855,2,6,7,748,0.010431543462805327
22968.477558135986,2,7,7,749,0.009838568715550007
22970.517577171326,3,1,7,750,0.008769520994014133
22972.493561267853,3,2,7,751,0.008575743218201332
22974.665620326996,3,3,7,752,0.14485246381504085
22976.060249328613,3,4,7,753,0.014063443202347889
22978.197771072388,3,5,7,754,0.01137703286703535
22980.173681259155,3,6,7,755,0.007151039106958639
23447.123808145523,3,7,7,756,0.008011420122711284
23573.630036354065,1,1,7,757,0.01318606480537066
23575.498639583588,1,2,7,758,0.0064181455440845015
23577.209894657135,1,3,7,759,0.46340223303640515
23579.100654125214,1,4,7,760,0.005469511332405844
23580.852757930756,1,5,7,761,0.011931758778485596
23582.705519914627,1,6,7,762,0.010020598095170422
23584.457458496094,1,7,7,763,0.007431121992366454
23586.180490016937,2,1,7,764,0.007126462490190543
23587.884963035583,2,2,7,765,0.009156738584524874
23589.613670110703,2,3,7,766,0.18041858357017673
23591.341593027115,2,4,7,767,0.00825856271352992
23593.11814713478,2,5,7,768,0.006675312518891892
23594.716273784637,2,6,7,769,0.007966334778868898
23596.332490444183,2,7,7,770,0.011103745182252609
23597.885457754135,3,1,7,771,0.0053776195945490915
23599.334013938904,3,2,7,772,0.012328781529132814
23600.86029100418,3,3,7,773,0.20604820286769399
23602.551423072815,3,4,7,774,0.004975682916130105
23604.461493253708,3,5,7,775,0.00877229513181839
23605.969301223755,3,6,7,776,0.008657158968856986
24079.693271160126,3,7,7,777,0.004960777149054133
24209.322150707245,1,1,7,778,0.007985896931192192
24211.095918655396,1,2,7,779,0.0041195931256084945
24213.13336133957,1,3,7,780,0.3311052667495313
24215.15559577942,1,4,7,781,0.008435921609778475
24217.28090119362,1,5,7,782,0.01008328834920657
24219.35138440132,1,6,7,783,0.007655220423805692
24221.19989466667,1,7,7,784,0.007954623421785573
24223.257949590683,2,1,7,785,0.008629399934340224
24225.19216632843,2,2,7,786,0.009154504240190275
24226.513907670975,2,3,7,787,0.19779373999829475
24228.281986951828,2,4,7,788,0.004369908646740555
24229.92629623413,2,5,7,789,0.014108604754134333
24231.916833162308,2,6,7,790,0.009716619869655694
24233.575660705566,2,7,7,791,0.009270610651323265
24235.473861455917,3,1,7,792,0.011139767108235693
24237.3417096138,3,2,7,793,0.006801673938811952
24239.129731416702,3,3,7,794,0.2004107868816026
24240.838486909866,3,4,7,795,0.008808310344061375
24242.820421218872,3,5,7,796,0.011910047413410597
24244.709909677505,3,6,7,797,0.008791055281053837
24718.857504844666,3,7,7,798,0.011638596153389306
24847.190447807312,1,1,7,799,0.021849899698291354
24849.206333637238,1,2,7,800,0.009502020763749218
24850.86955833435,1,3,7,801,0.6088039571050229
24852.6455616951,1,4,7,802,0.013574474546576273
24854.14153766632,1,5,7,803,0.019783950022261604
24856.089530706406,1,6,7,804,0.0073262060695538
24857.953535318375,1,7,7,805,0.01028414856091252
24859.74270439148,2,1,7,806,0.008303939611443805
24861.611238002777,2,2,7,807,0.01977846594204224
24863.681611776352,2,3,7,808,0.3545676996159657
24865.5452876091,2,4,7,809,0.00671507410546687
24867.48568058014,2,5,7,810,0.009039857799287211
24869.3603887558,2,6,7,811,0.013653487718434108
24871.09353852272,2,7,7,812,0.006951475018778372
24873.093601942062,3,1,7,813,0.006653077682239085
24875.18946814537,3,2,7,814,0.008878255432079759
24876.932265758514,3,3,7,815,0.2576822665541093
24878.5727725029,3,4,7,816,0.010878214862450776
24880.433468580246,3,5,7,817,0.012170797984143155
24881.839356660843,3,6,7,818,0.00731878940214142
25353.159133911133,3,7,7,819,0.0068817486444405045
25479.728264808655,1,1,7,820,0.015053342905798892
25481.73588490486,1,2,7,821,0.0048016311877383784
25483.549650907516,1,3,7,822,0.2322429996233184
25485.41768670082,1,4,7,823,0.004830184205486845
25487.259130954742,1,5,7,824,0.0076739268302831514
25488.91300201416,1,6,7,825,0.007763937502479935
25490.62571787834,1,7,7,826,0.008652670926011434
25492.657007217407,2,1,7,827,0.006775591426831484
25494.696161031723,2,2,7,828,0.009386109419641226
25496.104824781418,2,3,7,829,0.1663535365900652
25497.905525445938,2,4,7,830,0.00642932206196457
25499.941540002823,2,5,7,831,0.006995127639397775
25501.929337978363,2,6,7,832,0.007919849525092039
25503.89649415016,2,7,7,833,0.01633477307138718
25505.88557958603,3,1,7,834,0.010021680471363047
25507.473665237427,3,2,7,835,0.0072406394737970685
25509.22565627098,3,3,7,836,0.15212467532023133
25510.861282110214,3,4,7,837,0.0066310717626731725
25512.49925351143,3,5,7,838,0.010288245286788778
25514.071291446686,3,6,7,839,0.009690099194566457
25986.3241648674,3,7,7,840,0.008055214890068184
26114.22548508644,1,1,7,841,0.018517367053503583
26115.952281713486,1,2,7,842,0.014296979755681121
26117.88558459282,1,3,7,843,0.5039918514089979
26119.81443142891,1,4,7,844,0.007827182989871853
26121.51538825035,1,5,7,845,0.016945064105561035
26123.364045619965,1,6,7,846,0.01165018606140807
26125.199791908264,1,7,7,847,0.009966918933867294
26126.835478305817,2,1,7,848,0.013719838740453065
26128.665519475937,2,2,7,849,0.014649338198122867
26130.395051717758,2,3,7,850,0.2187427277359501
26132.05590748787,2,4,7,851,0.00728566527679019
26133.545587301254,2,5,7,852,0.013955436947245933
26135.42729783058,2,6,7,853,0.007581363114065477
26137.322974205017,2,7,7,854,0.007559913860952276
26139.0368103981,3,1,7,855,0.012199694446325234
26140.74317574501,3,2,7,856,0.005227790001532566
26142.63334608078,3,3,7,857,0.26737653951842943
26144.108015060425,3,4,7,858,0.014353031619067086
26146.087054491043,3,5,7,859,0.01891093213036831
26147.94546198845,3,6,7,860,0.007334918776000957
26620.232043743134,3,7,7,861,0.010509863626660437
26745.257383346558,1,1,7,862,0.021584399769362973
26746.830773591995,1,2,7,863,0.007636052766367916
26748.705368757248,1,3,7,864,0.36197664034873656
26750.537588119507,1,4,7,865,0.01159859750580539
26752.070593357086,1,5,7,866,0.00961676068569876
26753.75262761116,1,6,7,867,0.007023334376495445
26755.625551223755,1,7,7,868,0.00632286732180385
26757.4416615963,2,1,7,869,0.015539204068355482
26759.08126616478,2,2,7,870,0.009816066477342535
26760.749801158905,2,3,7,871,0.2628268341530508
26762.261504888535,2,4,7,872,0.004805229158280279
26764.09503674507,2,5,7,873,0.009752287219261913
26765.567582130432,2,6,7,874,0.007481149907103988
26767.333382844925,2,7,7,875,0.009853780187739082
26769.029431581497,3,1,7,876,0.01998488948700231
26770.575113773346,3,2,7,877,0.008133403397491766
26771.954103946686,3,3,7,878,0.16425415543133084
26773.59620642662,3,4,7,879,0.007155013959763968
26775.36175274849,3,5,7,880,0.005217117676806867
26777.40375494957,3,6,7,881,0.0075645295978152595
27250.575912714005,3,7,7,882,0.0060535697549078836
27380.568166017532,1,1,7,883,0.01816559264892316
27382.289578199387,1,2,7,884,0.004266432275236681
27384.30305504799,1,3,7,885,0.3327343894053679
27386.223410606384,1,4,7,886,0.00506775895990688
27388.227843284607,1,5,7,887,0.009934509729357662
27389.93990302086,1,6,7,888,0.006655445809960046
27391.941569566727,1,7,7,889,0.005161420665250037
27393.629764795303,2,1,7,890,0.01255442471313838
27395.477687597275,2,2,7,891,0.004231092113750993
27397.445741415024,2,3,7,892,0.33601473594836584
27399.290720701218,2,4,7,893,0.005827789552405231
27401.128471136093,2,5,7,894,0.012825685115119735
27403.269496679306,2,6,7,895,0.007812896127569895
27405.34951686859,2,7,7,896,0.012660934254096236
27407.3635263443,3,1,7,897,0.009457624720814286
27409.297170639038,3,2,7,898,0.010887101063934604
27411.241492509842,3,3,7,899,0.21269181568906292
27413.07220196724,3,4,7,900,0.008635771966012378
27414.77233171463,3,5,7,901,0.008145581968018872
27416.611105442047,3,6,7,902,0.006974636484242597
27870.749507427216,3,7,7,903,0.0038453958218124208
28003.99831342697,1,1,7,904,0.01883053653077587
28005.81885957718,1,2,7,905,0.008723120920732965
28007.620990276337,1,3,7,906,0.6085388957597655
28009.481713294983,1,4,7,907,0.006491028684394124
28011.128043174744,1,5,7,908,0.013274121634163812
28012.80804991722,1,6,7,909,0.00912210877405454
28014.738713741302,1,7,7,910,0.004862478781021449
28016.565256118774,2,1,7,911,0.013795546888319197
28018.516296863556,2,2,7,912,0.011131420774417127
28020.673567295074,2,3,7,913,0.3755661858489294
28022.484140872955,2,4,7,914,0.009919146651158757
28024.27597784996,2,5,7,915,0.013112870730697803
28026.077605724335,2,6,7,916,0.00708888594603349
28028.04546380043,2,7,7,917,0.008914627359824616
28029.861468553543,3,1,7,918,0.00972763224753919
28031.82971549034,3,2,7,919,0.01796819385938948
28033.4636118412,3,3,7,920,0.4221245618827271
28035.0204539299,3,4,7,921,0.0068687839661526
28036.868450403214,3,5,7,922,0.009618777788381272
28038.54052877426,3,6,7,923,0.008902734422350188
28507.551362991333,3,7,7,924,0.008796492036537953
28635.071202278137,1,1,7,925,0.009131204467342937
28636.844854831696,1,2,7,926,0.006611456424841215
28638.595569610596,1,3,7,927,0.1981152017831222
28640.35368824005,1,4,7,928,0.006657347777146727
28642.253809452057,1,5,7,929,0.01132760736415906
28644.199548482895,1,6,7,930,0.010881269246256153
28645.96972179413,1,7,7,931,0.007794049238432716
28647.777500629425,2,1,7,932,0.009542991029596305
28649.435825824738,2,2,7,933,0.010474282610646408
28651.243587493896,2,3,7,934,0.22635601764339908
28653.01046705246,2,4,7,935,0.007818610470999562
28654.865539073944,2,5,7,936,0.008232845648903388
28656.6678276062,2,6,7,937,0.0065210195789450354
28658.277869462967,2,7,7,938,0.00899796418650968
28660.107674121857,3,1,7,939,0.009015153528282737
28661.7774207592,3,2,7,940,0.005841588456940604
28663.64950108528,3,3,7,941,0.14266921161534465
28665.32439160347,3,4,7,942,0.007562662365194413
28667.044394016266,3,5,7,943,0.010325516372401726
28668.697541713715,3,6,7,944,0.006822759428284244
29146.426196813583,3,7,7,945,0.0070715995777990495
29279.924062252045,1,1,7,946,0.01776801690388896
29281.806220531464,1,2,7,947,0.0066127391155722075
29283.55583190918,1,3,7,948,0.45280116990829095
29285.544115543365,1,4,7,949,0.009240032792824607
29287.19610476494,1,5,7,950,0.006400285733607054
29288.69251346588,1,6,7,951,0.007455972358583526
29290.463626384735,1,7,7,952,0.006801673603767244
29292.482639074326,2,1,7,953,0.0107037418727456
29294.386066913605,2,2,7,954,0.012832517191870452
29296.266503095627,2,3,7,955,0.32446661838934493
29298.05134487152,2,4,7,956,0.00735000090944576
29299.905482053757,2,5,7,957,0.004701077321828761
29301.613679647446,2,6,7,958,0.00802435578351419
29303.3403775692,2,7,7,959,0.00852599927915888
29304.890026569366,3,1,7,960,0.005089046627578388
29306.6361451149,3,2,7,961,0.011776900066663463
29308.413707494736,3,3,7,962,0.2687248715045682
29310.185544490814,3,4,7,963,0.005338537176757668
29311.807021141052,3,5,7,964,0.004450102030699189
29313.61436867714,3,6,7,965,0.007374472278418811
29777.424181461334,3,7,7,966,0.007374909589883759
29906.30957889557,1,1,7,967,0.030434215625789136
29907.872463941574,1,2,7,968,0.009360630598362786
29909.964957237244,1,3,7,969,0.5247132831859831
29911.55680990219,1,4,7,970,0.0072168241651168925
29913.60929632187,1,5,7,971,0.009015876894210845
29915.3554148674,1,6,7,972,0.006976474165602188
29916.995366573334,1,7,7,973,0.004780508037555131
29918.821489334106,2,1,7,974,0.006164886934929463
29920.657428979874,2,2,7,975,0.010256870300035763
29922.382160186768,2,3,7,976,0.23057089323677035
29924.37766098976,2,4,7,977,0.008158850746585828
29926.257749080658,2,5,7,978,0.007351403053903428
29927.94151544571,2,6,7,979,0.007793120401799403
29929.748386859894,2,7,7,980,0.010338416963236771
29931.475051403046,3,1,7,981,0.01011506196856513
29933.33926010132,3,2,7,982,0.009998341260425127
29935.34183049202,3,3,7,983,0.16709150602388037
29937.337616443634,3,4,7,984,0.007807796247332369
29939.661960601807,3,5,7,985,0.005530800312678159
29941.549753904343,3,6,7,986,0.006813673686267025
30413.465471744537,3,7,7,987,0.006397815154707508
30540.582631349564,1,1,7,988,0.008763476337942708
30542.39766073227,1,2,7,989,0.0060750432207988155
30544.120676279068,1,3,7,990,0.3386748378025478
30545.969164133072,1,4,7,991,0.010088783028657127
30547.881150245667,1,5,7,992,0.012007118230368007
30549.840673923492,1,6,7,993,0.0061672362363785265
30551.783702135086,1,7,7,994,0.0057798155887193925
30553.673500537872,2,1,7,995,0.010420613508700455
30555.08419752121,2,2,7,996,0.005608252106674452
30556.860723495483,2,3,7,997,0.1994596501185786
30558.319343566895,2,4,7,998,0.004634753681861919
30559.849687099457,2,5,7,999,0.006467441798976539
30561.431584119797,2,6,7,1000,0.006889440310605491
30563.05162668228,2,7,7,1001,0.011731736262640484
30564.865532636642,3,1,7,1002,0.006944893713510159
30566.73769378662,3,2,7,1003,0.011010609513093239
30568.62557554245,3,3,7,1004,0.16142883063344757
30570.492031812668,3,4,7,1005,0.003863933778695006
30572.49378800392,3,5,7,1006,0.007506660421393411
30574.422722816467,3,6,7,1007,0.011292734339419644
31053.521522283554,3,7,7,1008,0.008706221995593927
31176.769515037537,1,1,7,1009,0.015882316625903982
31178.47317790985,1,2,7,1010,0.00805160387046513
31180.280830860138,1,3,7,1011,0.4241456561654398
31181.999004125595,1,4,7,1012,0.004180371307668046
31183.85119700432,1,5,7,1013,0.00948476265480562
31185.57213306427,1,6,7,1014,0.006642684397471638
31187.167011260986,1,7,7,1015,0.004477637527706609
31188.822766542435,2,1,7,1016,0.008737173504034254
31190.43385195732,2,2,7,1017,0.006066837388476539
31192.197065591812,2,3,7,1018,0.265710986123312
31193.726410865784,2,4,7,1019,0.007010468597042054
31195.53668498993,2,5,7,1020,0.0061975606184452815
31197.35542178154,2,6,7,1021,0.005524573840624053
31198.817541837692,2,7,7,1022,0.007135784130852373
31200.501262187958,3,1,7,1023,0.007753368532828592
31202.172525167465,3,2,7,1024,0.012853565085486691
31203.781791448593,3,3,7,1025,0.2507264380016875
31205.369415283203,3,4,7,1026,0.006406005804183762
31206.951884269714,3,5,7,1027,0.0072087801234940714
31208.575829029083,3,6,7,1028,0.006721420795897615
31689.76415205002,3,7,7,1029,0.00973958601053985
31814.757532596588,1,1,7,1030,0.013687037041371605
31816.523639440536,1,2,7,1031,0.007901637733565961
31818.261634349823,1,3,7,1032,0.33311787087209704
31820.141317129135,1,4,7,1033,0.006864595047499974
31822.049550533295,1,5,7,1034,0.008442776416383715
31823.961555957794,1,6,7,1035,0.0058441106486198284
31826.04108428955,1,7,7,1036,0.007704338012906005
31827.98660182953,2,1,7,1037,0.0041899739659782085
31829.60466480255,2,2,7,1038,0.005413653653843597
31831.27325296402,2,3,7,1039,0.2234019319108025
31832.777625322342,2,4,7,1040,0.008536133098692235
31834.469710111618,2,5,7,1041,0.004439058443207724
31836.273685455322,2,6,7,1042,0.008177104696225703
31838.20481133461,2,7,7,1043,0.008439446038740944
31840.346733808517,3,1,7,1044,0.0090002207345185
31842.22967147827,3,2,7,1045,0.009032471028662208
31844.214223861694,3,3,7,1046,0.1448240482911674
31846.213782310486,3,4,7,1047,0.00804525158804553
31847.737748146057,3,5,7,1048,0.006533510724193601
31849.585545778275,3,6,7,1049,0.008231697399032532
32331.232540369034,3,7,7,1050,0.0071049452623850335
